input,expected_lam0,expected_lam2
0,0.0,0.0
1,0.693147,1.5
3,1.386294,7.5
-1,-1.5,-0.693147
-3,-7.5,-1.386294
,,
