input,output
-1,-0.651442
0,0.0
1,0.301030
10,1.041393
100,2.004321
