input,output
-1,-1.5
0,0.0
1,0.693147
10,2.397895
100,4.615121
