input,output_base10,output_base2,output_offset1
-1,-0.651442,-2.164043,0.0
0,0.0,0.0,0.301030
1,0.301030,1.0,0.477121
10,1.041393,,
100,2.004321,,
